nombre,Fortalezas,Debilidades
Aquaman,"['Control sobre animales marinos', 'Fuerza sobrehumana', 'Durabilidad', 'Habilidades de combate', 'Comunicación telepática con la vida marina']","['Necesidad de estar en contacto con el agua regularmente', 'Vulnerabilidad a la deshidratación']"
Ares,"['Fuerza y durabilidad sobrehumana', 'Habilidades mágicas', 'Control sobre el caos y la guerra', 'Inmortalidad']",['Dependencia del caos y conflicto para mantener su poder']
Atom Smasher,"['Cambio de tamaño', 'Fuerza incrementada con el tamaño', 'Resistencia']","['Difícil de controlar su tamaño', 'Problemas con la coordinación al cambiar de tamaño']"
Batman,"['Inteligencia de nivel genio', 'Maestro en artes marciales', 'Detección avanzada', 'Equipamiento y gadgets', 'Habilidades de detective']","['Humano sin poderes sobrenaturales', 'Vulnerabilidad física']"
Black Adam,"['Fuerza sobrehumana', 'Velocidad', 'Magia', 'Vuelo', 'Resistencia a la magia']","['Vulnerable a la magia poderosa', 'Arrogancia']"
Black Canary,"['Grito sónico', 'Habilidades de combate']",['Humana sin poderes sobrenaturales fuera de su grito']
Black Manta,"['Habilidades de combate', 'Tecnología avanzada']",['Humano sin poderes sobrenaturales']
Black Mask,"['Estratega criminal', 'Habilidades de combate']",['Humano sin poderes sobrenaturales']
Bloodsport,"['Experto en armas', 'Habilidades de combate']",['Humano sin poderes sobrenaturales']
Captain Boomerang,"['Habilidad con boomerangs', 'Habilidades de combate']",['Humano sin poderes sobrenaturales']
Cassandra Cain,"['Habilidades de combate', 'Experta en artes marciales']",['Humana sin poderes sobrenaturales']
Cheetah,"['Fuerza y agilidad sobrehumana', 'Habilidades de combate']",['Dependencia de la transformación']
Cyborg,"['Tecnología avanzada', 'Fuerza sobrehumana', 'Habilidades de hackeo']",['Dependencia de su tecnología']
Cyclone,"['Control del viento', 'Vuelo']",['Vulnerabilidad física']
Dark Flash,"['Velocidad sobrehumana', 'Reflejos rápidos']",['Dependencia de la Speed Force']
Darkseid,"['Fuerza y durabilidad sobrehumana', 'Habilidades mágicas', 'Control sobre el caos y la guerra', 'Inmortalidad']",['Dependencia del caos y conflicto para mantener su poder']
Deadshot,"['Experto en armas', 'Habilidades de combate']",['Humano sin poderes sobrenaturales']
Doctor Fate,"['Habilidades mágicas', 'Inmortalidad', 'Vuelo']",['Dependencia del casco']
Doctor Sivana,"['Intelecto de nivel genio', 'Habilidades científicas']",['Humano sin poderes sobrenaturales']
Doomsday,"['Fuerza y durabilidad sobrehumana', 'Habilidades de combate']",['Vulnerable a la magia']
El Diablo,"['Control del fuego', 'Habilidades de combate']",['Humano sin poderes sobrenaturales fuera de su control de fuego']
Enchantress,"['Habilidades mágicas', 'Control mental']",['Dependencia de su magia']
Envy,['Habilidades de combate'],['Dependencia de la envidia']
Faora,"['Fuerza y durabilidad sobrehumana', 'Habilidades de combate']",['Vulnerable a la kryptonita']
Freddy Freeman,"['Fuerza sobrehumana', 'Velocidad', 'Vuelo']",['Dependencia de la magia de Shazam']
General Zod,"['Fuerza y durabilidad sobrehumana', 'Habilidades de combate']",['Vulnerable a la kryptonita']
Gluttony,['Fuerza sobrehumana'],['Dependencia de la gula']
Green Lantern,"['Creación de construcciones de luz sólida', 'Vuelo', 'Viaje interestelar', 'Resistencia']","['Vulnerabilidad al color amarillo (dependiendo de la versión)', 'Dependencia del anillo y su carga']"
Harley Quinn,"['Habilidades de combate', 'Inteligencia']",['Humana sin poderes sobrenaturales']
Hawkman,"['Vuelo', 'Fuerza sobrehumana', 'Habilidades de combate']",['Dependencia de su armadura']
Hespera,['Habilidades mágicas'],['Dependencia de su magia']
Huntress,"['Habilidades de combate', 'Experta en armas']",['Humana sin poderes sobrenaturales']
Incubus,['Habilidades de combate'],['Dependencia de la lujuria']
Joker,"['Inteligencia', 'Habilidades estratégicas']",['Humano sin poderes sobrenaturales']
Jor-El,['Inteligencia'],['Humano sin poderes sobrenaturales']
Judomaster,"['Habilidades de combate', 'Experta en artes marciales']",['Humana sin poderes sobrenaturales']
Karathen,"['Fuerza sobrehumana', 'Habilidades de combate']",['Vulnerabilidad física']
Katana,"['Habilidades de combate', 'Experta en armas']",['Humana sin poderes sobrenaturales']
Killer Croc,"['Fuerza sobrehumana', 'Habilidades de combate']",['Vulnerabilidad física']
King Nereus,"['Fuerza sobrehumana', 'Habilidades de combate']",['Necesidad de estar en contacto con el agua regularmente']
King Shark,"['Fuerza sobrehumana', 'Habilidades de combate']",['Vulnerabilidad física']
Lex Luthor,"['Inteligencia', 'Habilidades estratégicas']",['Humano sin poderes sobrenaturales']
Lust,['Habilidades de combate'],['Dependencia de la lujuria']
Mera,"['Control sobre el agua', 'Habilidades de combate']",['Necesidad de estar en contacto con el agua regularmente']
Mister Zsasz,['Habilidades de combate'],['Humano sin poderes sobrenaturales']
Nam-Ek,"['Fuerza sobrehumana', 'Habilidades de combate']",['Vulnerable a la kryptonita']
Nuidis Vulko,"['Inteligencia', 'Habilidades estratégicas']",['Humano sin poderes sobrenaturales']
Ocean Master,"['Fuerza sobrehumana', 'Habilidades de combate']",['Necesidad de estar en contacto con el agua regularmente']
Parademon,"['Fuerza sobrehumana', 'Habilidades de combate']",['Dependencia de Darkseid']
Peacemaker,"['Habilidades de combate', 'Experto en armas']",['Humano sin poderes sobrenaturales']
Penthesileia,['Habilidades de combate'],['Humana sin poderes sobrenaturales']
Philippus,['Habilidades de combate'],['Humana sin poderes sobrenaturales']
Polka-Dot Man,['Habilidades de combate'],['Humano sin poderes sobrenaturales']
Queen Atlanna,"['Control sobre el agua', 'Habilidades de combate']",['Necesidad de estar en contacto con el agua regularmente']
Queen Hippolyta,"['Fuerza sobrehumana', 'Habilidades de combate', 'Inmortalidad']",['Dependencia de la inmortalidad']
Ratcatcher,"['Control sobre ratas', 'Habilidades de combate']",['Humano sin poderes sobrenaturales']
Rick Flag,"['Habilidades de combate', 'Liderazgo']",['Humano sin poderes sobrenaturales']
Sabbac,"['Fuerza sobrehumana', 'Habilidades mágicas', 'Vuelo']",['Dependencia de la magia']
Savant,"['Intelecto de nivel genio', 'Habilidades de combate']",['Humano sin poderes sobrenaturales']
Shazam,"['Fuerza sobrehumana', 'Velocidad', 'Vuelo', 'Magia']",['Dependencia de la magia de Shazam']
Slipknot,"['Habilidad con cuerdas', 'Habilidades de combate']",['Humano sin poderes sobrenaturales']
Sol Soria,['Habilidades de combate'],['Humana sin poderes sobrenaturales']
Starro,"['Control mental', 'Regeneración', 'Fuerza sobrehumana']",['Vulnerabilidad a la separación física']
Steppenwolf,"['Fuerza sobrehumana', 'Habilidades de combate', 'Inmortalidad']",['Dependencia de Darkseid']
Supergirl,"['Fuerza sobrehumana', 'Velocidad', 'Vuelo', 'Visión de rayos X', 'Invulnerabilidad', 'Visión calorífica', 'Aliento helado']","['Kryptonita', 'Magia']"
Superman,"['Fuerza sobrehumana', 'Velocidad', 'Vuelo', 'Visión de rayos X', 'Invulnerabilidad', 'Visión calorífica', 'Aliento helado']","['Kryptonita', 'Magia']"
T.D.K.,"['Desprendimiento de extremidades', 'Habilidades de combate']",['Humano sin poderes sobrenaturales fuera de su habilidad']
The Flash,"['Velocidad sobrehumana', 'Reflejos rápidos', 'Intangibilidad', 'Viaje en el tiempo', 'Curación acelerada']","['Fuerzas de fricción extremas', 'Dependencia de la Speed Force']"
Vigilante,"['Habilidades de combate', 'Experto en armas']",['Humano sin poderes sobrenaturales']
White Dragon,"['Habilidades de combate', 'Tecnología avanzada']",['Humano sin poderes sobrenaturales']
Wonder Woman (Armor of Asteria),"['Fuerza sobrehumana', 'Habilidades de combate', 'Vuelo', 'Agilidad', 'Resistencia']",['Dependencia de la verdad']
Wrath,['Habilidades de combate'],['Humano sin poderes sobrenaturales']
Zeus,"['Habilidades mágicas', 'Inmortalidad', 'Control del rayo']",['Dependencia de su magia']
A-Train,['Velocidad sobrehumana'],"['Problemas cardíacos', 'Dependencia de Compuesto V']"
Billy Butcher,"['Habilidades de combate', 'Liderazgo']","['Humano sin poderes sobrenaturales', 'Impulsividad']"
Billy Butcher (V24),"['Fuerza sobrehumana (temporal)', 'Habilidades de combate']","['Efectos secundarios de V24', 'Tiempo limitado de poderes']"
Billy Butchter (tumor),['Desconocido'],['Desconocido']
Black Noir (replacement),"['Habilidades de combate', 'Sigilo']",['Desconocido']
Black Noir,"['Habilidades de combate', 'Resistencia sobrehumana']","['Vulnerabilidad a heridas graves', 'Trauma psicológico']"
Cate Dunlap,['Habilidades desconocidas'],['Desconocido']
Crimson Countess,"['Manipulación de energía', 'Vuelo']","['Dependencia emocional', 'Humano sin invulnerabilidad']"
Firecracker,['Piroquinesis'],['Desconocido']
Golden Boy,"['Fuerza sobrehumana', 'Piroquinesis']","['Arrogancia', 'Impulsividad']"
Homelander,"['Fuerza sobrehumana', 'Vuelo', 'Visión calorífica', 'Invulnerabilidad']","['Inestabilidad mental', 'Narcisismo']"
Hughie Campbell (V24),"['Fuerza sobrehumana (temporal)', 'Teleportación (temporal)']","['Efectos secundarios de V24', 'Tiempo limitado de poderes']"
Lamplighter,['Manipulación del fuego'],"['Dependencia emocional', 'Trauma psicológico']"
Little Cricket,['Cambio de tamaño'],['Vulnerabilidad física cuando es pequeña']
Marie Moreau,['Control de la sangre'],['Desconocido']
Mesmer,['Lectura de mentes'],"['Vulnerabilidad física', 'Humano sin poderes de combate']"
Mother's Milk,"['Habilidades de combate', 'Estrategia']","['Humano sin poderes sobrenaturales', 'Trauma emocional']"
Naqib,['Explosión de energía'],['Desconocido']
Queen Maeve,"['Fuerza sobrehumana', 'Habilidades de combate']","['Dependencia emocional', 'Humano sin invulnerabilidad total']"
Ryan Butcher,"['Fuerza sobrehumana', 'Vuelo', 'Visión calorífica']","['Inexperiencia', 'Emocionalmente inestable']"
Sam Riordan,['Desconocido'],['Desconocido']
Shockwave,['Velocidad sobrehumana'],"['Competencia con A-Train', 'Dependencia de Compuesto V']"
Sister Sage,['Desconocido'],['Desconocido']
Soldier Boy,"['Fuerza sobrehumana', 'Habilidades de combate', 'Resistencia']","['Trauma psicológico', 'Narcisismo']"
Splinter,['Desconocido'],['Desconocido']
Starlight,"['Manipulación de la luz', 'Vuelo']","['Dependencia emocional', 'Humano sin invulnerabilidad total']"
Stormfront,"['Manipulación de electricidad', 'Vuelo', 'Fuerza sobrehumana']","['Ideología extremista', 'Vulnerabilidad emocional']"
Supe Terrorist,['Desconocido'],['Desconocido']
Tek Knight,"['Tecnología avanzada', 'Habilidades de combate']",['Humano sin poderes sobrenaturales']
The Deep,"['Comunicación con la vida marina', 'Habilidades de combate']","['Inestabilidad emocional', 'Humano sin invulnerabilidad']"
The Female,"['Fuerza sobrehumana', 'Habilidades de combate', 'Regeneración']",['Trauma emocional']
Translucent,"['Invisibilidad', 'Piel a prueba de balas']",['Vulnerabilidad a explosivos internos']
Victoria Neuman,['Explosión de cabezas'],"['Secretismo', 'Humano sin invulnerabilidad']"
Webweaver,['Desconocido'],['Desconocido']
Zoe Neuman,['Desconocido'],['Desconocido']
Agatha Harkness,"['Magia oscura', 'Manipulación mágica']",['Necesita absorber la magia de otros para mantener su poder']
Abomination,"['Fuerza sobrehumana', 'Resistencia']",['Vulnerable a ataques mentales']
Ajak,"['Curación', 'Fuerza y durabilidad sobrehumanas']",['Vulnerable a traiciones de otros Eternos']
Ancient One (time stone),"['Manipulación del tiempo', 'Magia avanzada']",['Dependencia de la Piedra del Tiempo']
Ancient One,"['Magia avanzada', 'Longevidad']",['Vulnerabilidad física sin la Piedra del Tiempo']
Ant-Man,"['Cambio de tamaño', 'Fuerza incrementada al reducirse']",['Dependencia de la tecnología del traje']
Arishem The Judge,"['Poder cósmico', 'Control sobre los Celestiales']",['Desconocido']
Ayo,"['Habilidades de combate', 'Lealtad']",['Humana sin poderes sobrenaturales']
Baby Groot,"['Regeneración', 'Habilidades de combate']",['Vulnerabilidad al fuego']
Baron Mordo,"['Magia avanzada', 'Habilidades de combate']","['Arrogancia', 'Desconfianza']"
Baron Zemo,"['Inteligencia estratégica', 'Habilidades de combate']",['Humano sin poderes sobrenaturales']
Black Bolt (Earth 838),"['Voz destructiva', 'Fuerza sobrehumana']",['Vulnerabilidad al control mental']
Black Bolt,"['Voz destructiva', 'Fuerza sobrehumana']",['Vulnerabilidad al control mental']
Black Panther,"['Fuerza sobrehumana', 'Habilidades de combate', 'Traje avanzado']",['Dependencia del traje y hierba en forma de corazón']
Black Panther,"['Fuerza sobrehumana', 'Habilidades de combate', 'Traje avanzado']",['Dependencia del traje y hierba en forma de corazón']
Black Widow,"['Habilidades de combate', 'Espionaje']",['Humana sin poderes sobrenaturales']
Black Widow,"['Habilidades de combate', 'Espionaje']",['Humana sin poderes sobrenaturales']
Bucky Barnes,"['Fuerza sobrehumana', 'Brazo biónico', 'Habilidades de combate']","['Trauma psicológico', 'Programación mental']"
Bullseye,"['Precisión letal', 'Habilidades de combate']",['Humano sin poderes sobrenaturales']
Captain America,"['Fuerza sobrehumana', 'Liderazgo', 'Habilidades de combate']",['Humano con límites físicos']
Captain America (Worthy),"['Fuerza sobrehumana', 'Liderazgo', 'Habilidades de combate', 'Puede manejar el Mjolnir']",['Humano con límites físicos']
Captain Carter (Earth 838),"['Fuerza sobrehumana', 'Liderazgo', 'Habilidades de combate']",['Humana con límites físicos']
Captain Marvel,"['Fuerza sobrehumana', 'Vuelo', 'Energía fotónica']","['Arrogancia', 'Dependencia de sus poderes']"
Chitauri Footsoldier,"['Fuerza sobrehumana', 'Armas avanzadas']",['Inteligencia limitada']
Corvus Glaive,"['Fuerza sobrehumana', 'Habilidades de combate']",['Dependencia de su lanza']
Crossbones,"['Fuerza mejorada', 'Habilidades de combate']",['Humano sin poderes sobrenaturales']
Cull Obsidian,"['Fuerza sobrehumana', 'Resistencia']",['Inteligencia limitada']
Dar-Benn,['Desconocido'],['Desconocido']
Daredevil,"['Sentidos mejorados', 'Habilidades de combate']",['Humano sin poderes sobrenaturales']
Deathlok,"['Fuerza sobrehumana', 'Habilidades de combate', 'Tecnología avanzada']",['Dependencia de su tecnología']
Destroyer,"['Fuerza sobrehumana', 'Resistencia', 'Armamento avanzado']",['Controlado externamente']
Doctor Strange,"['Magia avanzada', 'Manipulación del tiempo (con la Piedra del Tiempo)']",['Dependencia de artefactos mágicos']
Dormammu,"['Poder cósmico', 'Inmortalidad']",['Vulnerabilidad a la manipulación del tiempo']
Drax The Destroyer,"['Fuerza sobrehumana', 'Resistencia']",['Inteligencia limitada']
Ebony Maw,"['Telequinesis', 'Inteligencia']",['Vulnerabilidad física']
Echo,"['Habilidades de combate', 'Mimetismo']",['Humana sin poderes sobrenaturales']
Ego,"['Poder cósmico', 'Manipulación de materia']",['Dependencia de su núcleo']
Elektra,"['Habilidades de combate', 'Sigilo']",['Humana sin poderes sobrenaturales']
Eternity,"['Poder cósmico', 'Omnisciencia']",['Desconocido']
Falcon,"['Habilidades de combate', 'Vuelo con traje alado']",['Humano sin poderes sobrenaturales']
Fandral,"['Habilidades de combate', 'Inmortalidad']",['Desconocido']
Fat Thor,"['Fuerza sobrehumana', 'Control del rayo', 'Resistencia']",['Estado emocional inestable']
Fenris,"['Fuerza sobrehumana', 'Resistencia']",['Vulnerabilidad a armas asgardianas']
Frigga,"['Magia avanzada', 'Habilidades de combate']",['Humana con límites físicos']
G'iah,['Desconocido'],['Desconocido']
Gamora,"['Fuerza sobrehumana', 'Habilidades de combate']",['Dependencia emocional']
Gargantos,"['Fuerza sobrehumana', 'Múltiples tentáculos']",['Desconocido']
Ghost,"['Intangibilidad', 'Invisibilidad']",['Dependencia de su traje']
Ghost Rider,"['Piroquinesis', 'Inmortalidad']",['Vulnerabilidad emocional']
Giant-Man,"['Cambio de tamaño', 'Fuerza incrementada']",['Dependencia de la tecnología del traje']
Gilgamesh,"['Fuerza sobrehumana', 'Habilidades de combate']",['Desconocido']
Gorr The God Butcher,"['Fuerza sobrehumana', 'Habilidades de combate']",['Dependencia de la Necrosword']
Gravik,['Desconocido'],['Desconocido']
Groot,"['Regeneración', 'Fuerza sobrehumana']",['Vulnerabilidad al fuego']
Hawkeye,"['Precisión', 'Habilidades de combate']",['Humano sin poderes sobrenaturales']
Hawkeye,"['Precisión', 'Habilidades de combate']",['Humano sin poderes sobrenaturales']
Heimdall,"['Sentidos mejorados', 'Fuerza sobrehumana']",['Desconocido']
Hela,"['Fuerza sobrehumana', 'Control sobre armas']",['Dependencia de Asgard']
High Evolutionary,"['Inteligencia avanzada', 'Manipulación genética']",['Arrogancia']
Hulk (Stark Gauntlet),"['Fuerza sobrehumana', 'Regeneración']",['Efectos secundarios del Gauntlet']
Hulk,"['Fuerza sobrehumana', 'Regeneración']",['Falta de control en su forma de Hulk']
Ikaris,"['Vuelo', 'Fuerza sobrehumana', 'Proyección de energía']",['Vulnerabilidad emocional']
Iron Fist,"['Puño de hierro', 'Habilidades de combate']",['Dependencia de Chi']
Iron Man,"['Inteligencia', 'Tecnología avanzada']",['Humano sin poderes sobrenaturales']
Iron Man (Mk 1),"['Inteligencia', 'Tecnología avanzada']",['Humano sin poderes sobrenaturales']
Iron Man (Stark Gauntlet),"['Inteligencia', 'Tecnología avanzada']",['Efectos secundarios del Gauntlet']
Iron Man (Hulkbuster),"['Fuerza incrementada', 'Tecnología avanzada']",['Dependencia de la tecnología del traje']
Iron Monger,"['Fuerza incrementada', 'Tecnología avanzada']",['Dependencia de la tecnología del traje']
Iron Spider,"['Fuerza sobrehumana', 'Tecnología avanzada']",['Dependencia de la tecnología del traje']
Ironheart,"['Inteligencia', 'Tecnología avanzada']",['Humana sin poderes sobrenaturales']
Jemiah The Analyzer,"['Poder cósmico', 'Inteligencia avanzada']",['Desconocido']
Jessica Jones,"['Fuerza sobrehumana', 'Resistencia']",['Trauma emocional']
Kaecilius,"['Magia avanzada', 'Habilidades de combate']",['Arrogancia']
Kang the Conqueror,"['Manipulación del tiempo', 'Inteligencia avanzada']",['Dependencia de la tecnología']
Killian,"['Poder de regeneración', 'Fuerza sobrehumana']",['Inestabilidad emocional']
Killmonger,"['Fuerza sobrehumana', 'Habilidades de combate']",['Arrogancia']
Kingo,"['Proyección de energía', 'Inmortalidad']",['Dependencia emocional']
Kingpin,"['Fuerza incrementada', 'Habilidades de combate']",['Humano sin poderes sobrenaturales']
Korath The Pursuer,"['Fuerza sobrehumana', 'Tecnología avanzada']",['Desconocido']
Korg,"['Fuerza sobrehumana', 'Resistencia']",['Vulnerabilidad a explosivos']
Kro,"['Fuerza sobrehumana', 'Regeneración']",['Desconocido']
Kurse,"['Fuerza sobrehumana', 'Resistencia']",['Desconocido']
Kid Loki,"['Magia', 'Inteligencia']",['Desconocido']
Lady Loki,"['Magia', 'Inteligencia']",['Desconocido']
Leo Fitz,"['Inteligencia', 'Tecnología avanzada']",['Humano sin poderes sobrenaturales']
Leviathan,"['Fuerza sobrehumana', 'Resistencia']",['Desconocido']
Loki,"['Magia', 'Inteligencia']",['Arrogancia']
Loki (Mind Stone),"['Magia', 'Control mental']",['Arrogancia']
Loki (Keeper Of The Multiverse),"['Magia', 'Inteligencia']",['Arrogancia']
Loki (Variant L1130),"['Magia', 'Inteligencia']",['Arrogancia']
Loki (King of Asgard),"['Magia', 'Inteligencia']",['Arrogancia']
Luke Cage,"['Fuerza sobrehumana', 'Piel a prueba de balas']",['Vulnerabilidad emocional']
M'baku,"['Fuerza sobrehumana', 'Habilidades de combate']",['Humano sin poderes sobrenaturales']
Makkari,"['Velocidad sobrehumana', 'Inmortalidad']",['Desconocido']
Malekith (Reality Stone),"['Manipulación de la realidad', 'Fuerza sobrehumana']",['Dependencia de la Piedra de la Realidad']
Malekith,"['Fuerza sobrehumana', 'Manipulación de la oscuridad']",['Desconocido']
Mandarin,"['Habilidades de combate', 'Anillos mágicos']",['Dependencia de los anillos']
Mantis,"['Empatía', 'Manipulación emocional']",['Físicamente vulnerable']
Mighty Thor,"['Fuerza sobrehumana', 'Control del rayo', 'Vuelo']",['Cáncer debilitante']
MODOK,"['Inteligencia', 'Tecnología avanzada']",['Físicamente limitado']
Moon Knight,"['Habilidades de combate', 'Resistencia incrementada']",['Trastorno de identidad disociativo']
Mr. Fantastic (Earth 838),"['Elasticidad', 'Inteligencia']",['Vulnerabilidad física']
Mr. Knight,"['Habilidades de combate', 'Resistencia incrementada']",['Trastorno de identidad disociativo']
Ms. America,"['Fuerza sobrehumana', 'Vuelo', 'Viaje interdimensional']",['Inexperiencia']
Ms. Marvel,"['Elasticidad', 'Manipulación de energía']",['Inexperiencia']
Mysterio,"['Ilusiones avanzadas', 'Inteligencia']",['Humano sin poderes sobrenaturales']
Namor,"['Fuerza sobrehumana', 'Vuelo', 'Control del agua']",['Necesita agua para mantener su fuerza']
Nebula,"['Cibernética avanzada', 'Habilidades de combate']",['Trauma emocional']
Nick Fury,"['Estrategia', 'Habilidades de combate']",['Humano sin poderes sobrenaturales']
Nomad,"['Fuerza sobrehumana', 'Habilidades de combate']",['Humano con límites físicos']
Odin,"['Magia avanzada', 'Fuerza sobrehumana', 'Longevidad']",['Depende del Odinsleep para rejuvenecerse']
Okoye,"['Habilidades de combate', 'Lealtad']",['Humana sin poderes sobrenaturales']
Outrider,"['Fuerza sobrehumana', 'Resistencia']",['Inteligencia limitada']
Pepper Potts (Extremis),"['Fuerza sobrehumana', 'Regeneración']",['Inestabilidad de Extremis']
Phastos,"['Tecnología avanzada', 'Inmortalidad']",['Desconocido']
Photon,"['Manipulación de energía', 'Vuelo']",['Desconocido']
Proxima Midnight,"['Fuerza sobrehumana', 'Habilidades de combate']",['Dependencia de su lanza']
Quake,['Manipulación de vibraciones'],['Vulnerabilidad física']
Quicksilver,['Velocidad sobrehumana'],['Impulsividad']
Red Guardian,"['Fuerza sobrehumana', 'Habilidades de combate']",['Humano con límites físicos']
Red Skull (Stonekeeper),"['Inmortalidad', 'Conocimiento de las gemas del infinito']",['Encadenado a Vormir']
Red Skull,"['Intelecto avanzado', 'Habilidades de combate']",['Arrogancia']
Rescue,"['Tecnología avanzada', 'Vuelo']",['Dependencia de la tecnología del traje']
Rocket Raccoon,"['Inteligencia', 'Habilidades de combate']",['Tamaño pequeño']
Ronan The Accuser (Power Stone),"['Fuerza sobrehumana', 'Poder de la gema del poder']",['Dependencia de la gema del poder']
Ronan The Accuser,"['Fuerza sobrehumana', 'Habilidades de combate']",['Arrogancia']
Ronin,"['Habilidades de combate', 'Sigilo']",['Humano sin poderes sobrenaturales']
Scarlet Witch,"['Magia del caos', 'Manipulación de la realidad']",['Inestabilidad emocional']
Sersi (uni-mind),"['Manipulación de materia', 'Inmortalidad']",['Dependencia del Uni-Mind']
Sersi,"['Manipulación de materia', 'Inmortalidad']",['Desconocido']
Shang-Chi,"['Habilidades de combate', 'Diez anillos']",['Desconocido']
She-Hulk,"['Fuerza sobrehumana', 'Regeneración']",['Impulsividad']
Shuri,"['Inteligencia', 'Tecnología avanzada']",['Inexperiencia en combate']
Sif,"['Habilidades de combate', 'Longevidad']",['Desconocido']
Sinister Strange,"['Magia avanzada', 'Manipulación del tiempo']",['Corrupción por el Darkhold']
Smart Hulk,"['Fuerza sobrehumana', 'Inteligencia']",['Efectos secundarios del Gauntlet']
Spectral Vision,"['Manipulación de densidad', 'Vuelo']",['Crisis de identidad']
Spider-Man,"['Fuerza sobrehumana', 'Sentido arácnido']",['Inexperiencia']
Star-Lord (Celestial Power),"['Poder celestial', 'Vuelo']",['Dependencia de su conexión celestial']
Star-Lord,"['Habilidades de combate', 'Tecnología avanzada']",['Desconocido']
Stature,"['Cambio de tamaño', 'Fuerza incrementada']",['Dependencia de la tecnología del traje']
Surtur,"['Fuerza sobrehumana', 'Piroquinesis']",['Vulnerabilidad cuando su corona es removida']
Swole Groot,"['Fuerza sobrehumana', 'Regeneración']",['Vulnerabilidad al fuego']
Talos The Untamed,"['Cambio de forma', 'Inteligencia']",['Desconocido']
Taskmaster,"['Reflejos fotográficos', 'Habilidades de combate']",['Desconocido']
Teenage Groot,"['Fuerza sobrehumana', 'Regeneración']",['Vulnerabilidad al fuego']
Thanos,"['Fuerza sobrehumana', 'Inteligencia estratégica']",['Arrogancia']
Thanos (Infinity Gauntlet),"['Fuerza sobrehumana', 'Poder de las gemas del infinito']",['Dependencia del guantelete']
The Collector,"['Conocimiento extenso', 'Recursos infinitos']",['Obsesión con coleccionar']
The Executioner,"['Fuerza sobrehumana', 'Habilidades de combate']",['Desconocido']
The Grandmaster,"['Longevidad', 'Manipulación de la materia']",['Arrogancia']
The Great Protector,"['Fuerza sobrehumana', 'Vuelo', 'Control del agua']",['Desconocido']
The Punisher,"['Habilidades de combate', 'Resistencia']",['Humano sin poderes sobrenaturales']
Thena,"['Fuerza sobrehumana', 'Creación de armas de energía']",['Desconocido']
Thor (Pre-Ragnarok),"['Fuerza sobrehumana', 'Control del rayo', 'Vuelo']",['Arrogancia']
Thor (Awakened),"['Fuerza sobrehumana', 'Control del rayo', 'Vuelo']",['Dependencia emocional']
Thor,"['Fuerza sobrehumana', 'Control del rayo', 'Vuelo']",['Dependencia emocional']
Ultron,"['Inteligencia avanzada', 'Fuerza sobrehumana']",['Arrogancia']
Unworthy Thor,"['Fuerza sobrehumana', 'Control del rayo', 'Vuelo']",['Baja autoestima']
Valkyrie,"['Fuerza sobrehumana', 'Habilidades de combate']",['Trauma emocional']
Vision,"['Manipulación de densidad', 'Vuelo', 'Energía del rayo']",['Dependencia de la gema de la mente']
Volstagg,"['Fuerza sobrehumana', 'Habilidades de combate']",['Desconocido']
Vulture,"['Tecnología avanzada', 'Vuelo']",['Humano sin poderes sobrenaturales']
Wanda Maximoff (Pre-WandaVision),"['Magia del caos', 'Manipulación de la realidad']",['Inestabilidad emocional']
War Machine,"['Tecnología avanzada', 'Vuelo']",['Dependencia de la tecnología del traje']
Warlock,"['Magia avanzada', 'Inmortalidad']",['Desconocido']
Wasp,"['Cambio de tamaño', 'Vuelo']",['Dependencia de la tecnología del traje']
Whiplash,"['Tecnología avanzada', 'Fuerza incrementada']",['Dependencia de la tecnología']
Whiplash (Mark II),"['Tecnología avanzada', 'Fuerza incrementada']",['Dependencia de la tecnología']
White Wolf,"['Habilidades de combate', 'Estrategia']",['Trauma psicológico']
Winter Soldier,"['Fuerza sobrehumana', 'Brazo biónico', 'Habilidades de combate']",['Programación mental']
Wolverine,"['Regeneración', 'Fuerza sobrehumana']",['Vulnerabilidad emocional']
Wong,"['Magia avanzada', 'Conocimiento místico']",['Desconocido']
YellowJacket,"['Cambio de tamaño', 'Fuerza incrementada']",['Dependencia de la tecnología del traje']
Yondu,"['Control sobre su flecha', 'Habilidades de combate']",['Humano sin poderes sobrenaturales']
Zeus,"['Poder divino', 'Inmortalidad']",['Arrogancia']
Gogeta (Super Saiyan 4),"['Fuerza sobrehumana extrema', 'Habilidades de combate', 'Transformaciones Saiyan', 'Fusión']","['Tiempo limitado', 'Consumo de energía', 'Arrogancia']"
Goku (Super Saiyan 3),"['Fuerza sobrehumana', 'Habilidades de combate', 'Técnicas de Ki']","['Consumo de energía', 'Fatiga']"
Goku (Super Saiyan 2),"['Fuerza mejorada', 'Habilidades de combate']","['Consumo de energía', 'Menor resistencia']"
Goku (Super Saiyan 4),"['Fuerza y velocidad extrema', 'Combate cuerpo a cuerpo', 'Técnicas avanzadas de Ki']","['Consumo de energía', 'Transformación limitada']"
Goku Jr.,"['Heredero Saiyan', 'Determinación']","['Inexperiencia', 'Fuerza limitada']"
Goten,"['Fuerza Saiyan', 'Transformaciones', 'Habilidades de combate']","['Inexperiencia', 'Impulsividad']"
Pan,"['Heredera Saiyan', 'Determinación']","['Inexperiencia', 'Fuerza limitada']"
Piccolo,"['Fuerza y habilidades de Namekiano', 'Estrategia', 'Regeneración']","['Limitaciones físicas', 'Dependencia de la meditación']"
Son Goku,"['Fuerza Saiyan', 'Transformaciones', 'Técnicas de Ki', 'Habilidades de combate']","['Impulsividad', 'Consumo de energía']"
Syn Shenron,"['Fuerza extrema', 'Manipulación de energía']","['Arrogancia', 'Dependencia de las esferas del dragón']"
Trunks,"['Fuerza Saiyan', 'Transformaciones', 'Habilidades de combate']","['Impulsividad', 'Dependencia emocional']"
Uub,"['Potencial humano', 'Habilidades de combate']","['Inexperiencia', 'Confianza en sí mismo']"
Android 16,"['Fuerza sobrehumana', 'Inmortalidad']","['Emocionalidad', 'Dependencia de órdenes']"
Android 17,"['Fuerza sobrehumana', 'Inmortalidad']","['Arrogancia', 'Independencia']"
Android 18,"['Fuerza sobrehumana', 'Inmortalidad']","['Arrogancia', 'Independencia']"
Android 19,"['Fuerza sobrehumana', 'Absorción de energía']","['Dependencia de energía', 'Desconocimiento de emociones']"
Aniraza,"['Fuerza sobrehumana', 'Habilidades de combate']","['Consumo de energía', 'Falta de estrategia']"
Arak,['Desconocido'],['Desconocido']
Bandages The Mummy,"['Resistencia', 'Fuerza física']","['Velocidad limitada', 'Dependencia de órdenes']"
Bardock (Super Saiyan),"['Fuerza sobrehumana', 'Transformaciones Saiyan']","['Arrogancia', 'Impulsividad']"
Bardock,"['Fuerza sobrehumana', 'Habilidades de combate']","['Arrogancia', 'Impulsividad']"
Basil,"['Fuerza sobrehumana', 'Velocidad']","['Arrogancia', 'Inexperiencia']"
Beerus,"['Poder divino', 'Fuerza sobrehumana', 'Vuelo']","['Arrogancia', 'Dependencia emocional']"
Belmod,"['Poder divino', 'Fuerza sobrehumana']",['Desconocido']
Bergamo,"['Fuerza sobrehumana', 'Absorción de energía']","['Consumo de energía', 'Dependencia de ataques']"
Biarra,"['Fuerza sobrehumana', 'Resistencia']",['Desconocido']
Bido,"['Fuerza sobrehumana', 'Habilidades de combate']",['Desconocido']
Bikal,['Desconocido'],['Desconocido']
Black Frieza,"['Fuerza sobrehumana', 'Transformaciones']","['Arrogancia', 'Malicia']"
Bojack,"['Fuerza sobrehumana', 'Habilidades de combate']","['Arrogancia', 'Impulsividad']"
Borareta,"['Fuerza sobrehumana', 'Resistencia']",['Desconocido']
Botamo,"['Fuerza sobrehumana', 'Absorción de energía']","['Lentitud', 'Dependencia de ataques']"
Broly (Z),"['Fuerza sobrehumana extrema', 'Transformaciones Saiyan']","['Arrogancia', 'Falta de control']"
Broly (Ikari),"['Fuerza sobrehumana extrema', 'Transformaciones Saiyan']","['Arrogancia', 'Falta de control']"
Broly (Super Saiyan),"['Fuerza sobrehumana extrema', 'Transformaciones Saiyan']","['Arrogancia', 'Falta de control']"
Broly,"['Fuerza sobrehumana extrema', 'Transformaciones Saiyan']","['Arrogancia', 'Falta de control']"
Bujin,['Desconocido'],['Desconocido']
Burter,"['Velocidad extrema', 'Fuerza sobrehumana']","['Arrogancia', 'Dependencia de velocidad']"
Buu (Good),"['Regeneración', 'Fuerza sobrehumana']","['Inocencia', 'Falta de estrategia']"
Buu (Grand Supreme Kai),"['Regeneración', 'Fuerza sobrehumana']",['Desconocido']
Buuhan,"['Regeneración', 'Fuerza sobrehumana', 'Absorción de energía']","['Arrogancia', 'Dependencia de absorciones']"
Buutenks,"['Regeneración', 'Fuerza sobrehumana', 'Absorción de energía']","['Arrogancia', 'Dependencia de absorciones']"
Cabba (Super Saiyan),"['Fuerza sobrehumana', 'Transformaciones Saiyan']","['Inexperiencia', 'Dependencia emocional']"
Cabba (Super Saiyan 2),"['Fuerza sobrehumana', 'Transformaciones Saiyan']","['Inexperiencia', 'Dependencia emocional']"
Cabba,"['Fuerza sobrehumana', 'Habilidades de combate']","['Inexperiencia', 'Dependencia emocional']"
Dende,"['Curación', 'Sabiduría']","['Fuerza limitada', 'Dependencia de protección']"
Dercori,['Desconocido'],['Desconocido']
Dodoria,"['Fuerza sobrehumana', 'Resistencia']","['Arrogancia', 'Dependencia de órdenes']"
Dore,"['Fuerza sobrehumana', 'Habilidades de combate']",['Desconocido']
Dr Gero,"['Inteligencia', 'Tecnología avanzada']","['Fuerza limitada', 'Dependencia de androides']"
Dyspo (Super Maximum Light Speed),"['Velocidad extrema', 'Fuerza sobrehumana']","['Dependencia de velocidad', 'Consumo de energía']"
Dyspo,"['Velocidad extrema', 'Fuerza sobrehumana']","['Dependencia de velocidad', 'Consumo de energía']"
Frieza,"['Fuerza sobrehumana', 'Transformaciones', 'Inteligencia']","['Arrogancia', 'Crueldad']"
Frieza (First Form),"['Fuerza sobrehumana', 'Inteligencia']","['Arrogancia', 'Crueldad']"
Frieza (Second Form),"['Fuerza sobrehumana', 'Transformaciones']","['Arrogancia', 'Crueldad']"
Frieza (Third Form),"['Fuerza sobrehumana', 'Transformaciones']","['Arrogancia', 'Crueldad']"
Fusion Zamasu,"['Fuerza divina', 'Inmortalidad']","['Arrogancia', 'Instabilidad mental']"
Future Trunks (Cell Saga),"['Fuerza sobrehumana', 'Habilidades de combate']","['Impulsividad', 'Emocionalidad']"
Gogeta,"['Fuerza sobrehumana extrema', 'Habilidades de combate', 'Transformaciones Saiyan']","['Tiempo limitado', 'Consumo de energía']"
Gogeta (Super Saiyan),"['Fuerza sobrehumana extrema', 'Habilidades de combate', 'Transformaciones Saiyan']","['Tiempo limitado', 'Consumo de energía']"
Gogeta (Super Saiyan Blue),"['Fuerza sobrehumana extrema', 'Habilidades de combate', 'Transformaciones Saiyan']","['Tiempo limitado', 'Consumo de energía']"
Gohan (Beast),"['Fuerza sobrehumana', 'Habilidades de combate']","['Inestabilidad emocional', 'Impulsividad']"
Gohan (Potential Unleashed),"['Fuerza sobrehumana', 'Habilidades de combate', 'Transformaciones']","['Inexperiencia', 'Dependencia emocional']"
Gohan (SS2),"['Fuerza sobrehumana', 'Habilidades de combate', 'Transformaciones Saiyan']","['Inexperiencia', 'Impulsividad']"
Gohan (Super Saiyan),"['Fuerza sobrehumana', 'Habilidades de combate', 'Transformaciones Saiyan']","['Inexperiencia', 'Impulsividad']"
Gohan,"['Fuerza sobrehumana', 'Habilidades de combate']","['Inexperiencia', 'Dependencia emocional']"
Goku (Super Saiyan Blue Kaioken),"['Fuerza sobrehumana extrema', 'Habilidades de combate', 'Transformaciones Saiyan']","['Consumo de energía', 'Fatiga']"
Goku,"['Fuerza sobrehumana', 'Habilidades de combate', 'Transformaciones Saiyan', 'Técnicas de Ki']","['Impulsividad', 'Consumo de energía']"
Goku (Mastered Ultra Instinct),"['Fuerza sobrehumana extrema', 'Reflejos perfectos', 'Transformaciones Saiyan']","['Consumo de energía', 'Dependencia emocional']"
Goku (Saiyan Saga),"['Fuerza sobrehumana', 'Habilidades de combate']","['Impulsividad', 'Inexperiencia']"
Goku (True Ultra Instinct),"['Fuerza sobrehumana extrema', 'Reflejos perfectos', 'Transformaciones Saiyan']","['Consumo de energía', 'Dependencia emocional']"
Goku (Super Saiyan God),"['Fuerza sobrehumana extrema', 'Velocidad', 'Transformaciones Saiyan']","['Consumo de energía', 'Dependencia emocional']"
Goku (Super Saiyan 2),"['Fuerza mejorada', 'Habilidades de combate']","['Consumo de energía', 'Menor resistencia']"
Goku (Ultra Instinct),"['Fuerza sobrehumana extrema', 'Reflejos perfectos']","['Consumo de energía', 'Dependencia emocional']"
Goku (Super Saiyan Blue),"['Fuerza sobrehumana extrema', 'Habilidades de combate', 'Transformaciones Saiyan']","['Consumo de energía', 'Fatiga']"
Goku (Super Saiyan 3),"['Fuerza sobrehumana', 'Habilidades de combate', 'Técnicas de Ki']","['Consumo de energía', 'Fatiga']"
Goku Black (Super Saiyan Rosé),"['Fuerza sobrehumana extrema', 'Habilidades de combate', 'Transformaciones Saiyan']","['Arrogancia', 'Malicia']"
Goku Black,"['Fuerza sobrehumana extrema', 'Habilidades de combate']","['Arrogancia', 'Malicia']"
Goten (Super Saiyan),"['Fuerza Saiyan', 'Transformaciones', 'Habilidades de combate']","['Inexperiencia', 'Impulsividad']"
Goten,"['Fuerza Saiyan', 'Transformaciones', 'Habilidades de combate']","['Inexperiencia', 'Impulsividad']"
Gotenks (Super Saiyan 3),"['Fuerza sobrehumana extrema', 'Habilidades de combate', 'Transformaciones Saiyan']","['Tiempo limitado', 'Consumo de energía']"
Gotenks (SS2),"['Fuerza sobrehumana extrema', 'Habilidades de combate', 'Transformaciones Saiyan']","['Tiempo limitado', 'Consumo de energía']"
Grand Priest,"['Poder divino extremo', 'Inteligencia']",['Desconocido']
Jaco,"['Velocidad', 'Habilidades de combate']","['Fuerza limitada', 'Arrogancia']"
Kami,"['Sabiduría', 'Habilidades de Namekiano']","['Fuerza limitada', 'Dependencia de Piccolo']"
Kid Buu,"['Regeneración', 'Fuerza sobrehumana', 'Destrucción']","['Falta de control', 'Impulsividad']"
Kid Gohan,"['Fuerza sobrehumana', 'Habilidades de combate']","['Inexperiencia', 'Dependencia emocional']"
Kid Goku,"['Fuerza sobrehumana', 'Habilidades de combate']","['Inexperiencia', 'Impulsividad']"
King Vegeta,"['Fuerza sobrehumana', 'Habilidades de combate']","['Arrogancia', 'Crueldad']"
Krillin,"['Habilidades de combate', 'Estrategia']","['Fuerza limitada', 'Dependencia emocional']"
Vegeta (Ascended Super Saiyan),"['Fuerza sobrehumana extrema', 'Habilidades de combate', 'Transformaciones Saiyan']","['Arrogancia', 'Consumo de energía']"
Vegeta (Unbound Ultra Ego),"['Fuerza sobrehumana extrema', 'Habilidades de combate', 'Transformaciones Saiyan']","['Arrogancia', 'Consumo de energía']"
Vegeta (Super Saiyan Blue Evolved),"['Fuerza sobrehumana extrema', 'Habilidades de combate', 'Transformaciones Saiyan']","['Consumo de energía', 'Arrogancia']"
Vegeta (Super Saiyan 2),"['Fuerza mejorada', 'Habilidades de combate']","['Consumo de energía', 'Menor resistencia']"
Vegeta (Super Saiyan Blue),"['Fuerza sobrehumana extrema', 'Habilidades de combate', 'Transformaciones Saiyan']","['Consumo de energía', 'Fatiga']"
Vegeta (Hakai Energy),"['Fuerza sobrehumana extrema', 'Habilidades de combate', 'Transformaciones Saiyan']","['Consumo de energía', 'Arrogancia']"
Vegeta (Super Saiyan),"['Fuerza mejorada', 'Habilidades de combate']","['Consumo de energía', 'Menor resistencia']"
Vegeta,"['Fuerza sobrehumana', 'Habilidades de combate']","['Arrogancia', 'Impulsividad']"
Vegeta (Super Saiyan God),"['Fuerza sobrehumana extrema', 'Velocidad', 'Transformaciones Saiyan']","['Consumo de energía', 'Dependencia emocional']"
Vegito,"['Fuerza sobrehumana extrema', 'Habilidades de combate', 'Transformaciones Saiyan']","['Tiempo limitado', 'Consumo de energía']"
Vegito (Super Saiyan),"['Fuerza sobrehumana extrema', 'Habilidades de combate', 'Transformaciones Saiyan']","['Tiempo limitado', 'Consumo de energía']"
